Procedures,Procedures_group
7450-Urine Urinalysis<br>7765-Urine P/C Ratio,ua
7765-Urine P/C Ratio,ua
7450-Urine Urinalysis,ua
7450-Urine Urinalysis<br>7400-UA Culture IF,ua
7400-UA Culture IF,ua
7450-Urine Urinalysis<br>7400-UA Culture IF<br>7401-Urine P/C Reflex IF,ua
7450.01-Urine Urinalysis<br>7400-UA Culture IF<br>7401-Urine P/C Reflex IF,ua
7401-Urine P/C Reflex IF,ua
7452-Urinalysis,ua
-Urinalysis,ua
7450.01-Urine Urinalysis<br>7765-Urine P/C Ratio,ua
7450.01-Urine Urinalysis,ua
7450.01-Urine Urinalysis<br>7400-UA Culture IF,ua
7452-Urinalysis,ua
7400-UA Culture IF,ua
7401-Urine P/C Reflex IF,ua